0	8063360	13456	10,9,8,7,6,5,4,3,2,1,0
1	8076816	624	34
2	8077440	8256	17
3	8085696	5136	34
4	8090832	2496	14
5	8093328	4784	19
6	8098112	2464	15
7	8100576	3424	18
8	8104000	8144	11
9	8112144	7440	13
10	8119584	5680	33,16
11	8125264	1408	20
12	8126672	4896	21
13	8131568	144	22
14	8131712	3136	23
15	8134848	2784	24
16	8137632	560	18
17	8138192	4752	25
18	8142944	272	31
19	8143216	1664	33
20	8144880	208	26
21	8145088	656	14
22	8145744	3440	27
23	8149184	672	26
24	8149856	1792	28
25	8151648	3520	29
26	8155168	14320	37
27	8169488	224	20
28	8169712	208	32
29	8169920	432	30
30	8170352	1776	27
31	8172128	2064	26
32	8174192	1888	35
33	8176080	784	36
34	8176864	320	27
